ap_id,floor,region,coverage_cells,centroid_x,centroid_y,bbox_x_min,bbox_x_max,bbox_y_min,bbox_y_max,spatial_information
1,0,Floor_0_Zone_1,365,110.77,78.12,100,118,68,95,"Centroid: (110.77, 78.12), Box: X[100-118] Y[68-95], Area: 365 cells"
2,0,Floor_0_Zone_2,126,104.85,87.21,100,114,77,94,"Centroid: (104.85, 87.21), Box: X[100-114] Y[77-94], Area: 126 cells"
3,0,Floor_0_Zone_3,250,108.5,99.86,100,118,92,106,"Centroid: (108.50, 99.86), Box: X[100-118] Y[92-106], Area: 250 cells"
4,1,Floor_1_Zone_4,112,103.88,73.52,100,109,68,80,"Centroid: (103.88, 73.52), Box: X[100-109] Y[68-80], Area: 112 cells"
5,1,Floor_1_Zone_5,90,103.62,85.98,100,108,81,91,"Centroid: (103.62, 85.98), Box: X[100-108] Y[81-91], Area: 90 cells"
6,1,Floor_1_Zone_6,148,104.52,99.56,100,111,92,106,"Centroid: (104.52, 99.56), Box: X[100-111] Y[92-106], Area: 148 cells"
7,1,Floor_1_Zone_7,179,113.18,76.37,107,118,68,84,"Centroid: (113.18, 76.37), Box: X[107-118] Y[68-84], Area: 179 cells"
8,1,Floor_1_Zone_8,212,113.58,94.76,107,118,85,106,"Centroid: (113.58, 94.76), Box: X[107-118] Y[85-106], Area: 212 cells"
9,2,Floor_2_Zone_9,122,104.34,73.34,100,111,68,80,"Centroid: (104.34, 73.34), Box: X[100-111] Y[68-80], Area: 122 cells"
10,2,Floor_2_Zone_10,93,103.39,86.55,100,107,81,92,"Centroid: (103.39, 86.55), Box: X[100-107] Y[81-92], Area: 93 cells"
11,2,Floor_2_Zone_11,112,103.5,99.5,100,107,93,106,"Centroid: (103.50, 99.50), Box: X[100-107] Y[93-106], Area: 112 cells"
12,2,Floor_2_Zone_12,154,113.0,99.5,108,118,93,106,"Centroid: (113.00, 99.50), Box: X[108-118] Y[93-106], Area: 154 cells"
13,2,Floor_2_Zone_13,89,112.93,88.54,107,118,85,92,"Centroid: (112.93, 88.54), Box: X[107-118] Y[85-92], Area: 89 cells"
14,2,Floor_2_Zone_14,171,113.33,76.75,107,118,68,84,"Centroid: (113.33, 76.75), Box: X[107-118] Y[68-84], Area: 171 cells"
15,0,Floor_0_Zone_15,144,105.6,116.78,100,116,112,125,"Centroid: (105.60, 116.78), Box: X[100-116] Y[112-125], Area: 144 cells"
16,0,Floor_0_Zone_16,194,113.41,123.73,105,118,112,133,"Centroid: (113.41, 123.73), Box: X[105-118] Y[112-133], Area: 194 cells"
17,0,Floor_0_Zone_17,274,109.87,143.1,100,118,134,150,"Centroid: (109.87, 143.10), Box: X[100-118] Y[134-150], Area: 274 cells"
18,0,Floor_0_Zone_18,129,104.32,132.1,100,112,125,140,"Centroid: (104.32, 132.10), Box: X[100-112] Y[125-140], Area: 129 cells"
19,1,Floor_1_Zone_19,127,103.76,118.67,100,109,112,126,"Centroid: (103.76, 118.67), Box: X[100-109] Y[112-126], Area: 127 cells"
20,1,Floor_1_Zone_20,70,103.9,130.46,100,109,127,134,"Centroid: (103.90, 130.46), Box: X[100-109] Y[127-134], Area: 70 cells"
21,1,Floor_1_Zone_21,128,103.5,142.5,100,107,135,150,"Centroid: (103.50, 142.50), Box: X[100-107] Y[135-150], Area: 128 cells"
22,1,Floor_1_Zone_22,227,113.08,140.16,108,118,130,150,"Centroid: (113.08, 140.16), Box: X[108-118] Y[130-150], Area: 227 cells"
23,1,Floor_1_Zone_23,189,113.23,120.69,107,118,112,129,"Centroid: (113.23, 120.69), Box: X[107-118] Y[112-129], Area: 189 cells"
24,2,Floor_2_Zone_24,116,104.04,117.51,100,110,112,124,"Centroid: (104.04, 117.51), Box: X[100-110] Y[112-124], Area: 116 cells"
25,2,Floor_2_Zone_25,79,103.92,129.1,100,109,125,133,"Centroid: (103.92, 129.10), Box: X[100-109] Y[125-133], Area: 79 cells"
26,2,Floor_2_Zone_26,136,103.5,142.0,100,107,134,150,"Centroid: (103.50, 142.00), Box: X[100-107] Y[134-150], Area: 136 cells"
27,2,Floor_2_Zone_27,217,113.06,140.63,108,118,131,150,"Centroid: (113.06, 140.63), Box: X[108-118] Y[131-150], Area: 217 cells"
28,2,Floor_2_Zone_28,193,113.36,121.31,107,118,112,130,"Centroid: (113.36, 121.31), Box: X[107-118] Y[112-130], Area: 193 cells"
29,0,Floor_0_Zone_29,156,104.92,161.93,100,114,156,172,"Centroid: (104.92, 161.93), Box: X[100-114] Y[156-172], Area: 156 cells"
30,0,Floor_0_Zone_30,203,115.32,171.38,112,118,156,190,"Centroid: (115.32, 171.38), Box: X[112-118] Y[156-190], Area: 203 cells"
31,0,Floor_0_Zone_31,291,106.99,185.77,100,118,173,194,"Centroid: (106.99, 185.77), Box: X[100-118] Y[173-194], Area: 291 cells"
32,0,Floor_0_Zone_32,91,108.34,171.04,103,111,162,179,"Centroid: (108.34, 171.04), Box: X[103-111] Y[162-179], Area: 91 cells"
33,1,Floor_1_Zone_33,127,104.13,161.94,100,110,156,169,"Centroid: (104.13, 161.94), Box: X[100-110] Y[156-169], Area: 127 cells"
34,1,Floor_1_Zone_34,64,103.5,173.5,100,107,170,177,"Centroid: (103.50, 173.50), Box: X[100-107] Y[170-177], Area: 64 cells"
35,1,Floor_1_Zone_35,136,103.5,186.0,100,107,178,194,"Centroid: (103.50, 186.00), Box: X[100-107] Y[178-194], Area: 136 cells"
36,1,Floor_1_Zone_36,176,113.0,186.5,108,118,179,194,"Centroid: (113.00, 186.50), Box: X[108-118] Y[179-194], Area: 176 cells"
37,1,Floor_1_Zone_37,77,113.0,175.0,108,118,172,178,"Centroid: (113.00, 175.00), Box: X[108-118] Y[172-178], Area: 77 cells"
38,1,Floor_1_Zone_38,161,113.39,164.03,107,118,156,171,"Centroid: (113.39, 164.03), Box: X[107-118] Y[156-171], Area: 161 cells"
39,2,Floor_2_Zone_39,112,103.88,161.52,100,109,156,168,"Centroid: (103.88, 161.52), Box: X[100-109] Y[156-168], Area: 112 cells"
40,2,Floor_2_Zone_40,89,104.0,173.61,100,109,169,178,"Centroid: (104.00, 173.61), Box: X[100-109] Y[169-178], Area: 89 cells"
41,2,Floor_2_Zone_41,128,103.5,186.5,100,107,179,194,"Centroid: (103.50, 186.50), Box: X[100-107] Y[179-194], Area: 128 cells"
42,2,Floor_2_Zone_42,225,113.12,184.24,108,118,174,194,"Centroid: (113.12, 184.24), Box: X[108-118] Y[174-194], Area: 225 cells"
43,2,Floor_2_Zone_43,187,113.25,164.75,107,118,156,173,"Centroid: (113.25, 164.75), Box: X[107-118] Y[156-173], Area: 187 cells"
44,0,Floor_0_Zone_44,144,110.35,217.15,102,118,209,225,"Centroid: (110.35, 217.15), Box: X[102-118] Y[209-225], Area: 144 cells"
45,0,Floor_0_Zone_45,261,107.91,206.64,100,118,200,217,"Centroid: (107.91, 206.64), Box: X[100-118] Y[200-217], Area: 261 cells"
46,0,Floor_0_Zone_46,96,102.16,227.66,100,107,218,238,"Centroid: (102.16, 227.66), Box: X[100-107] Y[218-238], Area: 96 cells"
47,0,Floor_0_Zone_47,240,112.12,230.09,102,118,216,238,"Centroid: (112.12, 230.09), Box: X[102-118] Y[216-238], Area: 240 cells"
48,1,Floor_1_Zone_48,126,104.81,205.14,100,111,200,211,"Centroid: (104.81, 205.14), Box: X[100-111] Y[200-211], Area: 126 cells"
49,1,Floor_1_Zone_49,102,104.63,216.66,100,110,212,221,"Centroid: (104.63, 216.66), Box: X[100-110] Y[212-221], Area: 102 cells"
50,1,Floor_1_Zone_50,154,104.06,229.64,100,109,222,238,"Centroid: (104.06, 229.64), Box: X[100-109] Y[222-238], Area: 154 cells"
51,1,Floor_1_Zone_51,194,113.61,229.01,108,118,219,238,"Centroid: (113.61, 229.01), Box: X[108-118] Y[219-238], Area: 194 cells"
52,1,Floor_1_Zone_52,165,114.1,209.34,109,118,200,218,"Centroid: (114.10, 209.34), Box: X[109-118] Y[200-218], Area: 165 cells"
53,2,Floor_2_Zone_53,138,104.87,205.61,100,111,200,212,"Centroid: (104.87, 205.61), Box: X[100-111] Y[200-212], Area: 138 cells"
54,2,Floor_2_Zone_54,85,104.24,216.98,100,109,213,221,"Centroid: (104.24, 216.98), Box: X[100-109] Y[213-221], Area: 85 cells"
55,2,Floor_2_Zone_55,170,104.5,230.0,100,109,222,238,"Centroid: (104.50, 230.00), Box: X[100-109] Y[222-238], Area: 170 cells"
56,2,Floor_2_Zone_56,153,114.0,230.0,110,118,222,238,"Centroid: (114.00, 230.00), Box: X[110-118] Y[222-238], Area: 153 cells"
57,2,Floor_2_Zone_57,57,113.74,218.58,109,118,216,221,"Centroid: (113.74, 218.58), Box: X[109-118] Y[216-221], Area: 57 cells"
58,2,Floor_2_Zone_58,138,114.11,208.07,109,118,200,215,"Centroid: (114.11, 208.07), Box: X[109-118] Y[200-215], Area: 138 cells"
59,0,Floor_0_Zone_59,209,109.0,249.0,100,118,244,254,"Centroid: (109.00, 249.00), Box: X[100-118] Y[244-254], Area: 209 cells"
60,0,Floor_0_Zone_60,171,109.0,259.0,100,118,255,263,"Centroid: (109.00, 259.00), Box: X[100-118] Y[255-263], Area: 171 cells"
61,0,Floor_0_Zone_61,171,109.0,268.0,100,118,264,272,"Centroid: (109.00, 268.00), Box: X[100-118] Y[264-272], Area: 171 cells"
62,0,Floor_0_Zone_62,190,109.0,277.5,100,118,273,282,"Centroid: (109.00, 277.50), Box: X[100-118] Y[273-282], Area: 190 cells"
63,1,Floor_1_Zone_63,115,103.63,250.2,100,108,244,257,"Centroid: (103.63, 250.20), Box: X[100-108] Y[244-257], Area: 115 cells"
64,1,Floor_1_Zone_64,80,103.5,262.5,100,107,258,267,"Centroid: (103.50, 262.50), Box: X[100-107] Y[258-267], Area: 80 cells"
65,1,Floor_1_Zone_65,136,104.1,275.49,100,110,268,282,"Centroid: (104.10, 275.49), Box: X[100-110] Y[268-282], Area: 136 cells"
66,1,Floor_1_Zone_66,171,113.42,273.52,107,118,266,282,"Centroid: (113.42, 273.52), Box: X[107-118] Y[266-282], Area: 171 cells"
67,1,Floor_1_Zone_67,88,113.0,261.5,108,118,258,265,"Centroid: (113.00, 261.50), Box: X[108-118] Y[258-265], Area: 88 cells"
68,1,Floor_1_Zone_68,151,113.09,250.73,107,118,244,257,"Centroid: (113.09, 250.73), Box: X[107-118] Y[244-257], Area: 151 cells"
69,2,Floor_2_Zone_69,126,104.84,249.06,100,112,244,255,"Centroid: (104.84, 249.06), Box: X[100-112] Y[244-255], Area: 126 cells"
70,2,Floor_2_Zone_70,102,104.16,261.03,100,109,256,266,"Centroid: (104.16, 261.03), Box: X[100-109] Y[256-266], Area: 102 cells"
71,2,Floor_2_Zone_71,156,104.38,274.65,100,109,267,282,"Centroid: (104.38, 274.65), Box: X[100-109] Y[267-282], Area: 156 cells"
72,2,Floor_2_Zone_72,148,113.86,274.34,109,118,267,282,"Centroid: (113.86, 274.34), Box: X[109-118] Y[267-282], Area: 148 cells"
73,2,Floor_2_Zone_73,76,113.74,262.61,109,118,259,266,"Centroid: (113.74, 262.61), Box: X[109-118] Y[259-266], Area: 76 cells"
74,2,Floor_2_Zone_74,133,113.95,251.66,108,118,244,258,"Centroid: (113.95, 251.66), Box: X[108-118] Y[244-258], Area: 133 cells"
75,0,Floor_0_Zone_75,209,109.0,293.0,100,118,288,298,"Centroid: (109.00, 293.00), Box: X[100-118] Y[288-298], Area: 209 cells"
76,0,Floor_0_Zone_76,171,109.0,303.0,100,118,299,307,"Centroid: (109.00, 303.00), Box: X[100-118] Y[299-307], Area: 171 cells"
77,0,Floor_0_Zone_77,361,109.0,317.0,100,118,308,326,"Centroid: (109.00, 317.00), Box: X[100-118] Y[308-326], Area: 361 cells"
78,1,Floor_1_Zone_78,115,103.62,294.36,100,108,288,301,"Centroid: (103.62, 294.36), Box: X[100-108] Y[288-301], Area: 115 cells"
79,1,Floor_1_Zone_79,64,103.5,305.5,100,107,302,309,"Centroid: (103.50, 305.50), Box: X[100-107] Y[302-309], Area: 64 cells"
80,1,Floor_1_Zone_80,136,103.5,318.0,100,107,310,326,"Centroid: (103.50, 318.00), Box: X[100-107] Y[310-326], Area: 136 cells"
81,1,Floor_1_Zone_81,187,113.0,318.0,108,118,310,326,"Centroid: (113.00, 318.00), Box: X[108-118] Y[310-326], Area: 187 cells"
82,1,Floor_1_Zone_82,88,113.0,305.5,108,118,302,309,"Centroid: (113.00, 305.50), Box: X[108-118] Y[302-309], Area: 88 cells"
83,1,Floor_1_Zone_83,151,113.1,294.61,108,118,288,301,"Centroid: (113.10, 294.61), Box: X[108-118] Y[288-301], Area: 151 cells"
84,2,Floor_2_Zone_84,117,103.7,294.24,100,108,288,301,"Centroid: (103.70, 294.24), Box: X[100-108] Y[288-301], Area: 117 cells"
85,2,Floor_2_Zone_85,72,103.5,306.0,100,107,302,310,"Centroid: (103.50, 306.00), Box: X[100-107] Y[302-310], Area: 72 cells"
86,2,Floor_2_Zone_86,128,103.5,318.5,100,107,311,326,"Centroid: (103.50, 318.50), Box: X[100-107] Y[311-326], Area: 128 cells"
87,2,Floor_2_Zone_87,187,113.0,318.0,108,118,310,326,"Centroid: (113.00, 318.00), Box: X[108-118] Y[310-326], Area: 187 cells"
88,2,Floor_2_Zone_88,88,113.0,305.5,108,118,302,309,"Centroid: (113.00, 305.50), Box: X[108-118] Y[302-309], Area: 88 cells"
89,2,Floor_2_Zone_89,149,113.16,294.7,107,118,288,301,"Centroid: (113.16, 294.70), Box: X[107-118] Y[288-301], Area: 149 cells"
90,0,Floor_0_Zone_90,180,79.5,82.17,71,85,74,89,"Centroid: (79.50, 82.17), Box: X[71-85] Y[74-89], Area: 180 cells"
91,0,Floor_0_Zone_91,186,72.3,70.98,67,82,62,79,"Centroid: (72.30, 70.98), Box: X[67-82] Y[62-79], Area: 186 cells"
92,0,Floor_0_Zone_92,186,80.54,62.32,72,85,51,73,"Centroid: (80.54, 62.32), Box: X[72-85] Y[51-73], Area: 186 cells"
93,0,Floor_0_Zone_93,144,73.36,54.19,67,85,50,61,"Centroid: (73.36, 54.19), Box: X[67-85] Y[50-61], Area: 144 cells"
94,0,Floor_0_Zone_94,64,69.66,84.88,67,74,79,89,"Centroid: (69.66, 84.88), Box: X[67-74] Y[79-89], Area: 64 cells"
95,1,Floor_1_Zone_95,202,79.09,80.7,68,85,72,89,"Centroid: (79.09, 80.70), Box: X[68-85] Y[72-89], Area: 202 cells"
96,1,Floor_1_Zone_96,117,79.44,64.85,71,85,60,71,"Centroid: (79.44, 64.85), Box: X[71-85] Y[60-71], Area: 117 cells"
97,1,Floor_1_Zone_97,134,72.51,71.06,67,83,65,77,"Centroid: (72.51, 71.06), Box: X[67-83] Y[65-77], Area: 134 cells"
98,1,Floor_1_Zone_98,119,70.56,56.46,67,75,50,65,"Centroid: (70.56, 56.46), Box: X[67-75] Y[50-65], Area: 119 cells"
99,1,Floor_1_Zone_99,110,80.58,54.85,75,85,50,61,"Centroid: (80.58, 54.85), Box: X[75-85] Y[50-61], Area: 110 cells"
100,1,Floor_1_Zone_100,78,70.67,85.33,67,78,78,89,"Centroid: (70.67, 85.33), Box: X[67-78] Y[78-89], Area: 78 cells"
101,2,Floor_2_Zone_101,87,70.4,54.48,67,77,50,62,"Centroid: (70.40, 54.48), Box: X[67-77] Y[50-62], Area: 87 cells"
102,2,Floor_2_Zone_102,175,79.14,57.38,70,85,50,64,"Centroid: (79.14, 57.38), Box: X[70-85] Y[50-64], Area: 175 cells"
103,2,Floor_2_Zone_103,129,71.52,68.69,67,78,62,75,"Centroid: (71.52, 68.69), Box: X[67-78] Y[62-75], Area: 129 cells"
104,2,Floor_2_Zone_104,119,81.06,71.05,75,85,64,77,"Centroid: (81.06, 71.05), Box: X[75-85] Y[64-77], Area: 119 cells"
105,2,Floor_2_Zone_105,136,71.58,81.73,67,79,76,89,"Centroid: (71.58, 81.73), Box: X[67-79] Y[76-89], Area: 136 cells"
106,2,Floor_2_Zone_106,114,80.51,84.27,73,85,78,89,"Centroid: (80.51, 84.27), Box: X[73-85] Y[78-89], Area: 114 cells"
107,0,Floor_0_Zone_107,239,79.19,136.96,68,85,129,150,"Centroid: (79.19, 136.96), Box: X[68-85] Y[129-150], Area: 239 cells"
108,0,Floor_0_Zone_108,179,71.74,142.89,67,81,129,150,"Centroid: (71.74, 142.89), Box: X[67-81] Y[129-150], Area: 179 cells"
109,1,Floor_1_Zone_109,267,78.5,137.02,67,85,129,150,"Centroid: (78.50, 137.02), Box: X[67-85] Y[129-150], Area: 267 cells"
110,1,Floor_1_Zone_110,151,71.58,143.89,67,81,132,150,"Centroid: (71.58, 143.89), Box: X[67-81] Y[132-150], Area: 151 cells"
111,2,Floor_2_Zone_111,217,76.43,134.36,67,85,129,142,"Centroid: (76.43, 134.36), Box: X[67-85] Y[129-142], Area: 217 cells"
112,2,Floor_2_Zone_112,118,71.26,144.82,67,77,137,150,"Centroid: (71.26, 144.82), Box: X[67-77] Y[137-150], Area: 118 cells"
113,2,Floor_2_Zone_113,83,81.6,145.37,77,85,139,150,"Centroid: (81.60, 145.37), Box: X[77-85] Y[139-150], Area: 83 cells"
114,0,Floor_0_Zone_114,246,77.46,170.56,67,85,159,177,"Centroid: (77.46, 170.56), Box: X[67-85] Y[159-177], Area: 246 cells"
115,0,Floor_0_Zone_115,172,73.91,160.69,67,85,156,170,"Centroid: (73.91, 160.69), Box: X[67-85] Y[156-170], Area: 172 cells"
116,1,Floor_1_Zone_116,418,76.0,166.5,67,85,156,177,"Centroid: (76.00, 166.50), Box: X[67-85] Y[156-177], Area: 418 cells"
117,2,Floor_2_Zone_117,282,77.45,163.45,67,85,156,176,"Centroid: (77.45, 163.45), Box: X[67-85] Y[156-176], Area: 282 cells"
118,2,Floor_2_Zone_118,136,72.99,172.83,67,85,164,177,"Centroid: (72.99, 172.83), Box: X[67-85] Y[164-177], Area: 136 cells"
119,0,Floor_0_Zone_119,418,76.0,227.5,67,85,217,238,"Centroid: (76.00, 227.50), Box: X[67-85] Y[217-238], Area: 418 cells"
120,1,Floor_1_Zone_120,219,71.51,254.04,67,77,244,265,"Centroid: (71.51, 254.04), Box: X[67-77] Y[244-265], Area: 219 cells"
121,1,Floor_1_Zone_121,199,80.94,255.01,76,85,244,265,"Centroid: (80.94, 255.01), Box: X[76-85] Y[244-265], Area: 199 cells"
122,2,Floor_2_Zone_122,196,71.0,255.11,67,76,244,265,"Centroid: (71.00, 255.11), Box: X[67-76] Y[244-265], Area: 196 cells"
123,2,Floor_2_Zone_123,222,80.41,253.96,74,85,244,265,"Centroid: (80.41, 253.96), Box: X[74-85] Y[244-265], Area: 222 cells"
124,0,Floor_0_Zone_124,399,76.0,316.0,67,85,306,326,"Centroid: (76.00, 316.00), Box: X[67-85] Y[306-326], Area: 399 cells"
125,1,Floor_1_Zone_125,197,77.58,311.12,67,85,306,320,"Centroid: (77.58, 311.12), Box: X[67-85] Y[306-320], Area: 197 cells"
126,1,Floor_1_Zone_126,202,74.46,320.76,67,85,311,326,"Centroid: (74.46, 320.76), Box: X[67-85] Y[311-326], Area: 202 cells"
127,2,Floor_2_Zone_127,126,74.67,309.02,67,85,306,314,"Centroid: (74.67, 309.02), Box: X[67-85] Y[306-314], Area: 126 cells"
128,2,Floor_2_Zone_128,273,76.61,319.22,67,85,310,326,"Centroid: (76.61, 319.22), Box: X[67-85] Y[310-326], Area: 273 cells"
129,0,Floor_0_Zone_129,286,44.88,24.7,35,54,18,32,"Centroid: (44.88, 24.70), Box: X[35-54] Y[18-32], Area: 286 cells"
130,0,Floor_0_Zone_130,193,49.33,41.07,42,54,33,52,"Centroid: (49.33, 41.07), Box: X[42-54] Y[33-52], Area: 193 cells"
131,0,Floor_0_Zone_131,253,39.31,44.58,35,47,29,59,"Centroid: (39.31, 44.58), Box: X[35-47] Y[29-59], Area: 253 cells"
132,0,Floor_0_Zone_132,300,46.28,61.57,35,54,52,71,"Centroid: (46.28, 61.57), Box: X[35-54] Y[52-71], Area: 300 cells"
133,0,Floor_0_Zone_133,186,38.94,76.14,35,46,65,89,"Centroid: (38.94, 76.14), Box: X[35-46] Y[65-89], Area: 186 cells"
134,0,Floor_0_Zone_134,141,48.81,78.55,41,54,71,85,"Centroid: (48.81, 78.55), Box: X[41-54] Y[71-85], Area: 141 cells"
135,0,Floor_0_Zone_135,421,44.89,95.91,35,54,84,106,"Centroid: (44.89, 95.91), Box: X[35-54] Y[84-106], Area: 421 cells"
136,1,Floor_1_Zone_136,484,44.2,29.63,35,54,18,43,"Centroid: (44.20, 29.63), Box: X[35-54] Y[18-43], Area: 484 cells"
137,1,Floor_1_Zone_137,459,45.3,53.22,35,54,40,67,"Centroid: (45.30, 53.22), Box: X[35-54] Y[40-67], Area: 459 cells"
138,1,Floor_1_Zone_138,210,40.68,70.94,35,52,62,83,"Centroid: (40.68, 70.94), Box: X[35-52] Y[62-83], Area: 210 cells"
139,1,Floor_1_Zone_139,627,45.43,90.42,35,54,68,106,"Centroid: (45.43, 90.42), Box: X[35-54] Y[68-106], Area: 627 cells"
140,2,Floor_2_Zone_140,823,41.88,42.74,35,54,18,78,"Centroid: (41.88, 42.74), Box: X[35-54] Y[18-78], Area: 823 cells"
141,2,Floor_2_Zone_141,322,50.81,54.88,44,54,20,75,"Centroid: (50.81, 54.88), Box: X[44-54] Y[20-75], Area: 322 cells"
142,2,Floor_2_Zone_142,132,46.61,77.97,37,54,73,82,"Centroid: (46.61, 77.97), Box: X[37-54] Y[73-82], Area: 132 cells"
143,2,Floor_2_Zone_143,239,38.87,93.19,35,43,79,106,"Centroid: (38.87, 93.19), Box: X[35-43] Y[79-106], Area: 239 cells"
144,2,Floor_2_Zone_144,264,49.0,94.5,44,54,83,106,"Centroid: (49.00, 94.50), Box: X[44-54] Y[83-106], Area: 264 cells"
145,0,Floor_0_Zone_145,507,48.0,131.0,42,54,112,150,"Centroid: (48.00, 131.00), Box: X[42-54] Y[112-150], Area: 507 cells"
146,0,Floor_0_Zone_146,273,38.0,131.0,35,41,112,150,"Centroid: (38.00, 131.00), Box: X[35-41] Y[112-150], Area: 273 cells"
147,1,Floor_1_Zone_147,648,43.24,128.59,35,54,112,150,"Centroid: (43.24, 128.59), Box: X[35-54] Y[112-150], Area: 648 cells"
148,1,Floor_1_Zone_148,132,50.67,142.83,44,54,129,150,"Centroid: (50.67, 142.83), Box: X[44-54] Y[129-150], Area: 132 cells"
149,2,Floor_2_Zone_149,183,48.38,118.16,37,54,112,129,"Centroid: (48.38, 118.16), Box: X[37-54] Y[112-129], Area: 183 cells"
150,2,Floor_2_Zone_150,209,40.38,124.14,35,51,112,133,"Centroid: (40.38, 124.14), Box: X[35-51] Y[112-133], Area: 209 cells"
151,2,Floor_2_Zone_151,168,45.3,135.27,35,54,130,141,"Centroid: (45.30, 135.27), Box: X[35-54] Y[130-141], Area: 168 cells"
152,2,Floor_2_Zone_152,129,40.22,145.09,35,46,139,150,"Centroid: (40.22, 145.09), Box: X[35-46] Y[139-150], Area: 129 cells"
153,2,Floor_2_Zone_153,91,50.76,144.74,47,54,138,150,"Centroid: (50.76, 144.74), Box: X[47-54] Y[138-150], Area: 91 cells"
154,0,Floor_0_Zone_154,401,49.15,172.75,41,54,156,194,"Centroid: (49.15, 172.75), Box: X[41-54] Y[156-194], Area: 401 cells"
155,0,Floor_0_Zone_155,379,39.58,177.38,35,47,156,194,"Centroid: (39.58, 177.38), Box: X[35-47] Y[156-194], Area: 379 cells"
156,1,Floor_1_Zone_156,213,50.04,167.34,46,54,156,179,"Centroid: (50.04, 167.34), Box: X[46-54] Y[156-179], Area: 213 cells"
157,1,Floor_1_Zone_157,271,39.89,167.83,35,45,156,181,"Centroid: (39.89, 167.83), Box: X[35-45] Y[156-181], Area: 271 cells"
158,1,Floor_1_Zone_158,296,44.73,187.07,35,54,179,194,"Centroid: (44.73, 187.07), Box: X[35-54] Y[179-194], Area: 296 cells"
159,2,Floor_2_Zone_159,376,44.83,164.93,35,54,156,176,"Centroid: (44.83, 164.93), Box: X[35-54] Y[156-176], Area: 376 cells"
160,2,Floor_2_Zone_160,404,44.19,184.37,35,54,173,194,"Centroid: (44.19, 184.37), Box: X[35-54] Y[173-194], Area: 404 cells"
161,0,Floor_0_Zone_161,282,44.55,206.56,35,54,200,214,"Centroid: (44.55, 206.56), Box: X[35-54] Y[200-214], Area: 282 cells"
162,0,Floor_0_Zone_162,225,38.94,225.99,35,43,213,238,"Centroid: (38.94, 225.99), Box: X[35-43] Y[213-238], Area: 225 cells"
163,0,Floor_0_Zone_163,273,49.03,226.09,44,54,214,238,"Centroid: (49.03, 226.09), Box: X[44-54] Y[214-238], Area: 273 cells"
164,1,Floor_1_Zone_164,554,45.9,214.16,35,54,200,238,"Centroid: (45.90, 214.16), Box: X[35-54] Y[200-238], Area: 554 cells"
165,1,Floor_1_Zone_165,226,41.08,230.86,35,53,217,238,"Centroid: (41.08, 230.86), Box: X[35-53] Y[217-238], Area: 226 cells"
166,2,Floor_2_Zone_166,366,44.44,208.66,35,54,200,218,"Centroid: (44.44, 208.66), Box: X[35-54] Y[200-218], Area: 366 cells"
167,2,Floor_2_Zone_167,193,39.48,226.62,35,48,218,238,"Centroid: (39.48, 226.62), Box: X[35-48] Y[218-238], Area: 193 cells"
168,2,Floor_2_Zone_168,221,48.98,229.46,40,54,217,238,"Centroid: (48.98, 229.46), Box: X[40-54] Y[217-238], Area: 221 cells"
169,0,Floor_0_Zone_169,249,46.51,250.54,35,54,244,260,"Centroid: (46.51, 250.54), Box: X[35-54] Y[244-260], Area: 249 cells"
170,0,Floor_0_Zone_170,132,39.04,258.02,35,47,248,266,"Centroid: (39.04, 258.02), Box: X[35-47] Y[248-266], Area: 132 cells"
171,0,Floor_0_Zone_171,399,45.05,272.43,35,54,261,282,"Centroid: (45.05, 272.43), Box: X[35-54] Y[261-282], Area: 399 cells"
172,1,Floor_1_Zone_172,270,42.63,250.96,35,54,244,264,"Centroid: (42.63, 250.96), Box: X[35-54] Y[244-264], Area: 270 cells"
173,1,Floor_1_Zone_173,254,47.6,262.83,35,54,250,273,"Centroid: (47.60, 262.83), Box: X[35-54] Y[250-273], Area: 254 cells"
174,1,Floor_1_Zone_174,256,43.4,275.86,35,54,266,282,"Centroid: (43.40, 275.86), Box: X[35-54] Y[266-282], Area: 256 cells"
175,2,Floor_2_Zone_175,183,40.33,250.48,35,51,244,263,"Centroid: (40.33, 250.48), Box: X[35-51] Y[244-263], Area: 183 cells"
176,2,Floor_2_Zone_176,257,47.47,257.36,35,54,244,265,"Centroid: (47.47, 257.36), Box: X[35-54] Y[244-265], Area: 257 cells"
177,2,Floor_2_Zone_177,340,44.5,274.0,35,54,266,282,"Centroid: (44.50, 274.00), Box: X[35-54] Y[266-282], Area: 340 cells"
178,0,Floor_0_Zone_178,326,42.12,297.06,35,54,288,312,"Centroid: (42.12, 297.06), Box: X[35-54] Y[288-312], Area: 326 cells"
179,0,Floor_0_Zone_179,147,49.83,304.38,42,54,292,312,"Centroid: (49.83, 304.38), Box: X[42-54] Y[292-312], Area: 147 cells"
180,0,Floor_0_Zone_180,307,44.47,318.8,35,54,310,326,"Centroid: (44.47, 318.80), Box: X[35-54] Y[310-326], Area: 307 cells"
181,1,Floor_1_Zone_181,119,38.58,294.02,35,46,288,304,"Centroid: (38.58, 294.02), Box: X[35-46] Y[288-304], Area: 119 cells"
182,1,Floor_1_Zone_182,248,47.84,298.0,37,54,288,307,"Centroid: (47.84, 298.00), Box: X[37-54] Y[288-307], Area: 248 cells"
183,1,Floor_1_Zone_183,413,44.2,316.15,35,54,305,326,"Centroid: (44.20, 316.15), Box: X[35-54] Y[305-326], Area: 413 cells"
184,2,Floor_2_Zone_184,380,44.5,297.0,35,54,288,306,"Centroid: (44.50, 297.00), Box: X[35-54] Y[288-306], Area: 380 cells"
185,2,Floor_2_Zone_185,400,44.5,316.5,35,54,307,326,"Centroid: (44.50, 316.50), Box: X[35-54] Y[307-326], Area: 400 cells"
186,0,Floor_0_Zone_186,589,15.0,20.0,6,24,5,35,"Centroid: (15.00, 20.00), Box: X[6-24] Y[5-35], Area: 589 cells"
187,0,Floor_0_Zone_187,644,15.22,52.48,6,24,36,71,"Centroid: (15.22, 52.48), Box: X[6-24] Y[36-71], Area: 644 cells"
188,0,Floor_0_Zone_188,705,14.8,87.92,6,24,68,106,"Centroid: (14.80, 87.92), Box: X[6-24] Y[68-106], Area: 705 cells"
189,1,Floor_1_Zone_189,171,15.0,9.0,6,24,5,13,"Centroid: (15.00, 9.00), Box: X[6-24] Y[5-13], Area: 171 cells"
190,1,Floor_1_Zone_190,193,15.64,18.65,6,24,14,25,"Centroid: (15.64, 18.65), Box: X[6-24] Y[14-25], Area: 193 cells"
191,1,Floor_1_Zone_191,409,14.55,34.4,6,24,22,46,"Centroid: (14.55, 34.40), Box: X[6-24] Y[22-46], Area: 409 cells"
192,1,Floor_1_Zone_192,412,15.5,56.06,6,24,45,69,"Centroid: (15.50, 56.06), Box: X[6-24] Y[45-69], Area: 412 cells"
193,1,Floor_1_Zone_193,292,13.53,74.73,6,24,65,86,"Centroid: (13.53, 74.73), Box: X[6-24] Y[65-86], Area: 292 cells"
194,1,Floor_1_Zone_194,461,15.62,94.21,6,24,78,106,"Centroid: (15.62, 94.21), Box: X[6-24] Y[78-106], Area: 461 cells"
195,2,Floor_2_Zone_195,1129,14.94,34.22,6,24,5,65,"Centroid: (14.94, 34.22), Box: X[6-24] Y[5-65], Area: 1129 cells"
196,2,Floor_2_Zone_196,163,15.44,68.18,6,24,63,72,"Centroid: (15.44, 68.18), Box: X[6-24] Y[63-72], Area: 163 cells"
197,2,Floor_2_Zone_197,190,15.0,77.5,6,24,73,82,"Centroid: (15.00, 77.50), Box: X[6-24] Y[73-82], Area: 190 cells"
198,2,Floor_2_Zone_198,456,15.0,94.5,6,24,83,106,"Centroid: (15.00, 94.50), Box: X[6-24] Y[83-106], Area: 456 cells"
199,0,Floor_0_Zone_199,359,15.53,121.05,6,24,112,132,"Centroid: (15.53, 121.05), Box: X[6-24] Y[112-132], Area: 359 cells"
200,0,Floor_0_Zone_200,156,9.97,136.35,6,18,127,149,"Centroid: (9.97, 136.35), Box: X[6-18] Y[127-149], Area: 156 cells"
201,0,Floor_0_Zone_201,226,17.63,143.12,6,24,132,150,"Centroid: (17.63, 143.12), Box: X[6-24] Y[132-150], Area: 226 cells"
202,1,Floor_1_Zone_202,234,11.62,120.88,6,18,112,131,"Centroid: (11.62, 120.88), Box: X[6-18] Y[112-131], Area: 234 cells"
203,1,Floor_1_Zone_203,152,20.5,141.0,17,24,132,150,"Centroid: (20.50, 141.00), Box: X[17-24] Y[132-150], Area: 152 cells"
204,1,Floor_1_Zone_204,216,10.94,140.68,6,16,131,150,"Centroid: (10.94, 140.68), Box: X[6-16] Y[131-150], Area: 216 cells"
205,1,Floor_1_Zone_205,139,20.99,122.07,17,24,112,131,"Centroid: (20.99, 122.07), Box: X[17-24] Y[112-131], Area: 139 cells"
206,2,Floor_2_Zone_206,272,15.69,118.78,6,24,112,128,"Centroid: (15.69, 118.78), Box: X[6-24] Y[112-128], Area: 272 cells"
207,2,Floor_2_Zone_207,161,12.96,129.98,6,24,123,135,"Centroid: (12.96, 129.98), Box: X[6-24] Y[123-135], Area: 161 cells"
208,2,Floor_2_Zone_208,173,19.71,141.8,15,24,132,150,"Centroid: (19.71, 141.80), Box: X[15-24] Y[132-150], Area: 173 cells"
209,2,Floor_2_Zone_209,135,10.0,143.0,6,14,136,150,"Centroid: (10.00, 143.00), Box: X[6-14] Y[136-150], Area: 135 cells"
210,0,Floor_0_Zone_210,153,19.12,162.0,11,24,156,171,"Centroid: (19.12, 162.00), Box: X[11-24] Y[156-171], Area: 153 cells"
211,0,Floor_0_Zone_211,202,10.27,167.47,6,18,156,179,"Centroid: (10.27, 167.47), Box: X[6-18] Y[156-179], Area: 202 cells"
212,0,Floor_0_Zone_212,160,17.82,177.89,6,24,171,184,"Centroid: (17.82, 177.89), Box: X[6-24] Y[171-184], Area: 160 cells"
213,0,Floor_0_Zone_213,226,14.44,188.49,6,24,181,194,"Centroid: (14.44, 188.49), Box: X[6-24] Y[181-194], Area: 226 cells"
214,1,Floor_1_Zone_214,281,13.13,163.83,6,24,156,175,"Centroid: (13.13, 163.83), Box: X[6-24] Y[156-175], Area: 281 cells"
215,1,Floor_1_Zone_215,161,20.3,173.52,13,24,161,184,"Centroid: (20.30, 173.52), Box: X[13-24] Y[161-184], Area: 161 cells"
216,1,Floor_1_Zone_216,299,13.91,186.29,6,24,176,194,"Centroid: (13.91, 186.29), Box: X[6-24] Y[176-194], Area: 299 cells"
217,2,Floor_2_Zone_217,285,15.0,163.0,6,24,156,170,"Centroid: (15.00, 163.00), Box: X[6-24] Y[156-170], Area: 285 cells"
218,2,Floor_2_Zone_218,209,12.27,177.36,6,24,171,190,"Centroid: (12.27, 177.36), Box: X[6-24] Y[171-190], Area: 209 cells"
219,2,Floor_2_Zone_219,247,17.31,186.85,6,24,173,194,"Centroid: (17.31, 186.85), Box: X[6-24] Y[173-194], Area: 247 cells"
220,0,Floor_0_Zone_220,179,11.23,206.49,6,21,200,217,"Centroid: (11.23, 206.49), Box: X[6-21] Y[200-217], Area: 179 cells"
221,0,Floor_0_Zone_221,159,19.57,210.57,11,24,200,218,"Centroid: (19.57, 210.57), Box: X[11-24] Y[200-218], Area: 159 cells"
222,0,Floor_0_Zone_222,202,16.75,223.3,6,24,217,234,"Centroid: (16.75, 223.30), Box: X[6-24] Y[217-234], Area: 202 cells"
223,0,Floor_0_Zone_223,201,12.98,232.49,6,24,222,238,"Centroid: (12.98, 232.49), Box: X[6-24] Y[222-238], Area: 201 cells"
224,1,Floor_1_Zone_224,300,13.98,207.68,6,24,200,218,"Centroid: (13.98, 207.68), Box: X[6-24] Y[200-218], Area: 300 cells"
225,1,Floor_1_Zone_225,166,19.99,220.66,12,24,210,233,"Centroid: (19.99, 220.66), Box: X[12-24] Y[210-233], Area: 166 cells"
226,1,Floor_1_Zone_226,275,13.1,230.34,6,24,219,238,"Centroid: (13.10, 230.34), Box: X[6-24] Y[219-238], Area: 275 cells"
227,2,Floor_2_Zone_227,186,14.38,204.46,6,24,200,211,"Centroid: (14.38, 204.46), Box: X[6-24] Y[200-211], Area: 186 cells"
228,2,Floor_2_Zone_228,117,12.91,213.46,6,23,208,219,"Centroid: (12.91, 213.46), Box: X[6-23] Y[208-219], Area: 117 cells"
229,2,Floor_2_Zone_229,124,20.93,218.69,15,24,208,229,"Centroid: (20.93, 218.69), Box: X[15-24] Y[208-229], Area: 124 cells"
230,2,Floor_2_Zone_230,314,13.81,229.8,6,24,219,238,"Centroid: (13.81, 229.80), Box: X[6-24] Y[219-238], Area: 314 cells"
231,0,Floor_0_Zone_231,255,15.93,250.42,6,24,244,259,"Centroid: (15.93, 250.42), Box: X[6-24] Y[244-259], Area: 255 cells"
232,0,Floor_0_Zone_232,147,10.58,261.63,6,18,253,270,"Centroid: (10.58, 261.63), Box: X[6-18] Y[253-270], Area: 147 cells"
233,0,Floor_0_Zone_233,127,19.37,266.81,12,24,260,272,"Centroid: (19.37, 266.81), Box: X[12-24] Y[260-272], Area: 127 cells"
234,0,Floor_0_Zone_234,91,8.87,275.68,6,13,269,282,"Centroid: (8.87, 275.68), Box: X[6-13] Y[269-282], Area: 91 cells"
235,0,Floor_0_Zone_235,121,18.43,277.65,12,24,273,282,"Centroid: (18.43, 277.65), Box: X[12-24] Y[273-282], Area: 121 cells"
236,1,Floor_1_Zone_236,277,14.18,250.96,6,24,244,261,"Centroid: (14.18, 250.96), Box: X[6-24] Y[244-261], Area: 277 cells"
237,1,Floor_1_Zone_237,190,17.4,263.08,6,24,255,271,"Centroid: (17.40, 263.08), Box: X[6-24] Y[255-271], Area: 190 cells"
238,1,Floor_1_Zone_238,274,14.17,275.12,6,24,265,282,"Centroid: (14.17, 275.12), Box: X[6-24] Y[265-282], Area: 274 cells"
239,2,Floor_2_Zone_239,260,13.69,250.74,6,24,244,261,"Centroid: (13.69, 250.74), Box: X[6-24] Y[244-261], Area: 260 cells"
240,2,Floor_2_Zone_240,149,19.36,261.0,10,24,252,270,"Centroid: (19.36, 261.00), Box: X[10-24] Y[252-270], Area: 149 cells"
241,2,Floor_2_Zone_241,332,14.07,273.5,6,24,262,282,"Centroid: (14.07, 273.50), Box: X[6-24] Y[262-282], Area: 332 cells"
242,0,Floor_0_Zone_242,741,15.0,307.0,6,24,288,326,"Centroid: (15.00, 307.00), Box: X[6-24] Y[288-326], Area: 741 cells"
243,1,Floor_1_Zone_243,189,12.03,293.94,6,24,288,305,"Centroid: (12.03, 293.94), Box: X[6-24] Y[288-305], Area: 189 cells"
244,1,Floor_1_Zone_244,153,18.67,299.67,8,24,289,305,"Centroid: (18.67, 299.67), Box: X[8-24] Y[289-305], Area: 153 cells"
245,1,Floor_1_Zone_245,399,15.0,316.0,6,24,306,326,"Centroid: (15.00, 316.00), Box: X[6-24] Y[306-326], Area: 399 cells"
246,2,Floor_2_Zone_246,456,15.0,299.5,6,24,288,311,"Centroid: (15.00, 299.50), Box: X[6-24] Y[288-311], Area: 456 cells"
247,2,Floor_2_Zone_247,285,15.0,319.0,6,24,312,326,"Centroid: (15.00, 319.00), Box: X[6-24] Y[312-326], Area: 285 cells"
