AP_ID,Floor,Region,Min_X,Max_X,Min_Y,Max_Y,Centroid_X,Centroid_Y,Area_Cells
1,0,Zone_AP_1,100,118,68,95,110.77,78.12,365
2,0,Zone_AP_2,100,114,77,94,104.85,87.21,126
3,0,Zone_AP_3,100,118,92,106,108.5,99.86,250
4,1,Zone_AP_4,100,109,68,80,103.88,73.52,112
5,1,Zone_AP_5,100,108,81,91,103.62,85.98,90
6,1,Zone_AP_6,100,111,92,106,104.52,99.56,148
7,1,Zone_AP_7,107,118,68,84,113.18,76.37,179
8,1,Zone_AP_8,107,118,85,106,113.58,94.76,212
9,2,Zone_AP_9,100,111,68,80,104.34,73.34,122
10,2,Zone_AP_10,100,107,81,92,103.39,86.55,93
11,2,Zone_AP_11,100,107,93,106,103.5,99.5,112
12,2,Zone_AP_12,108,118,93,106,113.0,99.5,154
13,2,Zone_AP_13,107,118,85,92,112.93,88.54,89
14,2,Zone_AP_14,107,118,68,84,113.33,76.75,171
15,0,Zone_AP_15,100,116,112,125,105.6,116.78,144
16,0,Zone_AP_16,105,118,112,133,113.41,123.73,194
17,0,Zone_AP_17,100,118,134,150,109.87,143.1,274
18,0,Zone_AP_18,100,112,125,140,104.32,132.1,129
19,1,Zone_AP_19,100,109,112,126,103.76,118.67,127
20,1,Zone_AP_20,100,109,127,134,103.9,130.46,70
21,1,Zone_AP_21,100,107,135,150,103.5,142.5,128
22,1,Zone_AP_22,108,118,130,150,113.08,140.16,227
23,1,Zone_AP_23,107,118,112,129,113.23,120.69,189
24,2,Zone_AP_24,100,110,112,124,104.04,117.51,116
25,2,Zone_AP_25,100,109,125,133,103.92,129.1,79
26,2,Zone_AP_26,100,107,134,150,103.5,142.0,136
27,2,Zone_AP_27,108,118,131,150,113.06,140.63,217
28,2,Zone_AP_28,107,118,112,130,113.36,121.31,193
29,0,Zone_AP_29,100,114,156,172,104.92,161.93,156
30,0,Zone_AP_30,112,118,156,190,115.32,171.38,203
31,0,Zone_AP_31,100,118,173,194,106.99,185.77,291
32,0,Zone_AP_32,103,111,162,179,108.34,171.04,91
33,1,Zone_AP_33,100,110,156,169,104.13,161.94,127
34,1,Zone_AP_34,100,107,170,177,103.5,173.5,64
35,1,Zone_AP_35,100,107,178,194,103.5,186.0,136
36,1,Zone_AP_36,108,118,179,194,113.0,186.5,176
37,1,Zone_AP_37,108,118,172,178,113.0,175.0,77
38,1,Zone_AP_38,107,118,156,171,113.39,164.03,161
39,2,Zone_AP_39,100,109,156,168,103.88,161.52,112
40,2,Zone_AP_40,100,109,169,178,104.0,173.61,89
41,2,Zone_AP_41,100,107,179,194,103.5,186.5,128
42,2,Zone_AP_42,108,118,174,194,113.12,184.24,225
43,2,Zone_AP_43,107,118,156,173,113.25,164.75,187
44,0,Zone_AP_44,102,118,209,225,110.35,217.15,144
45,0,Zone_AP_45,100,118,200,217,107.91,206.64,261
46,0,Zone_AP_46,100,107,218,238,102.16,227.66,96
47,0,Zone_AP_47,102,118,216,238,112.12,230.09,240
48,1,Zone_AP_48,100,111,200,211,104.81,205.14,126
49,1,Zone_AP_49,100,110,212,221,104.63,216.66,102
50,1,Zone_AP_50,100,109,222,238,104.06,229.64,154
51,1,Zone_AP_51,108,118,219,238,113.61,229.01,194
52,1,Zone_AP_52,109,118,200,218,114.1,209.34,165
53,2,Zone_AP_53,100,111,200,212,104.87,205.61,138
54,2,Zone_AP_54,100,109,213,221,104.24,216.98,85
55,2,Zone_AP_55,100,109,222,238,104.5,230.0,170
56,2,Zone_AP_56,110,118,222,238,114.0,230.0,153
57,2,Zone_AP_57,109,118,216,221,113.74,218.58,57
58,2,Zone_AP_58,109,118,200,215,114.11,208.07,138
59,0,Zone_AP_59,100,118,244,254,109.0,249.0,209
60,0,Zone_AP_60,100,118,255,263,109.0,259.0,171
61,0,Zone_AP_61,100,118,264,272,109.0,268.0,171
62,0,Zone_AP_62,100,118,273,282,109.0,277.5,190
63,1,Zone_AP_63,100,108,244,257,103.63,250.2,115
64,1,Zone_AP_64,100,107,258,267,103.5,262.5,80
65,1,Zone_AP_65,100,110,268,282,104.1,275.49,136
66,1,Zone_AP_66,107,118,266,282,113.42,273.52,171
67,1,Zone_AP_67,108,118,258,265,113.0,261.5,88
68,1,Zone_AP_68,107,118,244,257,113.09,250.73,151
69,2,Zone_AP_69,100,112,244,255,104.84,249.06,126
70,2,Zone_AP_70,100,109,256,266,104.16,261.03,102
71,2,Zone_AP_71,100,109,267,282,104.38,274.65,156
72,2,Zone_AP_72,109,118,267,282,113.86,274.34,148
73,2,Zone_AP_73,109,118,259,266,113.74,262.61,76
74,2,Zone_AP_74,108,118,244,258,113.95,251.66,133
75,0,Zone_AP_75,100,118,288,298,109.0,293.0,209
76,0,Zone_AP_76,100,118,299,307,109.0,303.0,171
77,0,Zone_AP_77,100,118,308,326,109.0,317.0,361
78,1,Zone_AP_78,100,108,288,301,103.62,294.36,115
79,1,Zone_AP_79,100,107,302,309,103.5,305.5,64
80,1,Zone_AP_80,100,107,310,326,103.5,318.0,136
81,1,Zone_AP_81,108,118,310,326,113.0,318.0,187
82,1,Zone_AP_82,108,118,302,309,113.0,305.5,88
83,1,Zone_AP_83,108,118,288,301,113.1,294.61,151
84,2,Zone_AP_84,100,108,288,301,103.7,294.24,117
85,2,Zone_AP_85,100,107,302,310,103.5,306.0,72
86,2,Zone_AP_86,100,107,311,326,103.5,318.5,128
87,2,Zone_AP_87,108,118,310,326,113.0,318.0,187
88,2,Zone_AP_88,108,118,302,309,113.0,305.5,88
89,2,Zone_AP_89,107,118,288,301,113.16,294.7,149
90,0,Zone_AP_90,71,85,74,89,79.5,82.17,180
91,0,Zone_AP_91,67,82,62,79,72.3,70.98,186
92,0,Zone_AP_92,72,85,51,73,80.54,62.32,186
93,0,Zone_AP_93,67,85,50,61,73.36,54.19,144
94,0,Zone_AP_94,67,74,79,89,69.66,84.88,64
95,1,Zone_AP_95,68,85,72,89,79.09,80.7,202
96,1,Zone_AP_96,71,85,60,71,79.44,64.85,117
97,1,Zone_AP_97,67,83,65,77,72.51,71.06,134
98,1,Zone_AP_98,67,75,50,65,70.56,56.46,119
99,1,Zone_AP_99,75,85,50,61,80.58,54.85,110
100,1,Zone_AP_100,67,78,78,89,70.67,85.33,78
101,2,Zone_AP_101,67,77,50,62,70.4,54.48,87
102,2,Zone_AP_102,70,85,50,64,79.14,57.38,175
103,2,Zone_AP_103,67,78,62,75,71.52,68.69,129
104,2,Zone_AP_104,75,85,64,77,81.06,71.05,119
105,2,Zone_AP_105,67,79,76,89,71.58,81.73,136
106,2,Zone_AP_106,73,85,78,89,80.51,84.27,114
107,0,Zone_AP_107,68,85,129,150,79.19,136.96,239
108,0,Zone_AP_108,67,81,129,150,71.74,142.89,179
109,1,Zone_AP_109,67,85,129,150,78.5,137.02,267
110,1,Zone_AP_110,67,81,132,150,71.58,143.89,151
111,2,Zone_AP_111,67,85,129,142,76.43,134.36,217
112,2,Zone_AP_112,67,77,137,150,71.26,144.82,118
113,2,Zone_AP_113,77,85,139,150,81.6,145.37,83
114,0,Zone_AP_114,67,85,159,177,77.46,170.56,246
115,0,Zone_AP_115,67,85,156,170,73.91,160.69,172
116,1,Zone_AP_116,67,85,156,177,76.0,166.5,418
117,2,Zone_AP_117,67,85,156,176,77.45,163.45,282
118,2,Zone_AP_118,67,85,164,177,72.99,172.83,136
119,0,Zone_AP_119,67,85,217,238,76.0,227.5,418
120,1,Zone_AP_120,67,77,244,265,71.51,254.04,219
121,1,Zone_AP_121,76,85,244,265,80.94,255.01,199
122,2,Zone_AP_122,67,76,244,265,71.0,255.11,196
123,2,Zone_AP_123,74,85,244,265,80.41,253.96,222
124,0,Zone_AP_124,67,85,306,326,76.0,316.0,399
125,1,Zone_AP_125,67,85,306,320,77.58,311.12,197
126,1,Zone_AP_126,67,85,311,326,74.46,320.76,202
127,2,Zone_AP_127,67,85,306,314,74.67,309.02,126
128,2,Zone_AP_128,67,85,310,326,76.61,319.22,273
129,0,Zone_AP_129,35,54,18,32,44.88,24.7,286
130,0,Zone_AP_130,42,54,33,52,49.33,41.07,193
131,0,Zone_AP_131,35,47,29,59,39.31,44.58,253
132,0,Zone_AP_132,35,54,52,71,46.28,61.57,300
133,0,Zone_AP_133,35,46,65,89,38.94,76.14,186
134,0,Zone_AP_134,41,54,71,85,48.81,78.55,141
135,0,Zone_AP_135,35,54,84,106,44.89,95.91,421
136,1,Zone_AP_136,35,54,18,43,44.2,29.63,484
137,1,Zone_AP_137,35,54,40,67,45.3,53.22,459
138,1,Zone_AP_138,35,52,62,83,40.68,70.94,210
139,1,Zone_AP_139,35,54,68,106,45.43,90.42,627
140,2,Zone_AP_140,35,54,18,78,41.88,42.74,823
141,2,Zone_AP_141,44,54,20,75,50.81,54.88,322
142,2,Zone_AP_142,37,54,73,82,46.61,77.97,132
143,2,Zone_AP_143,35,43,79,106,38.87,93.19,239
144,2,Zone_AP_144,44,54,83,106,49.0,94.5,264
145,0,Zone_AP_145,42,54,112,150,48.0,131.0,507
146,0,Zone_AP_146,35,41,112,150,38.0,131.0,273
147,1,Zone_AP_147,35,54,112,150,43.24,128.59,648
148,1,Zone_AP_148,44,54,129,150,50.67,142.83,132
149,2,Zone_AP_149,37,54,112,129,48.38,118.16,183
150,2,Zone_AP_150,35,51,112,133,40.38,124.14,209
151,2,Zone_AP_151,35,54,130,141,45.3,135.27,168
152,2,Zone_AP_152,35,46,139,150,40.22,145.09,129
153,2,Zone_AP_153,47,54,138,150,50.76,144.74,91
154,0,Zone_AP_154,41,54,156,194,49.15,172.75,401
155,0,Zone_AP_155,35,47,156,194,39.58,177.38,379
156,1,Zone_AP_156,46,54,156,179,50.04,167.34,213
157,1,Zone_AP_157,35,45,156,181,39.89,167.83,271
158,1,Zone_AP_158,35,54,179,194,44.73,187.07,296
159,2,Zone_AP_159,35,54,156,176,44.83,164.93,376
160,2,Zone_AP_160,35,54,173,194,44.19,184.37,404
161,0,Zone_AP_161,35,54,200,214,44.55,206.56,282
162,0,Zone_AP_162,35,43,213,238,38.94,225.99,225
163,0,Zone_AP_163,44,54,214,238,49.03,226.09,273
164,1,Zone_AP_164,35,54,200,238,45.9,214.16,554
165,1,Zone_AP_165,35,53,217,238,41.08,230.86,226
166,2,Zone_AP_166,35,54,200,218,44.44,208.66,366
167,2,Zone_AP_167,35,48,218,238,39.48,226.62,193
168,2,Zone_AP_168,40,54,217,238,48.98,229.46,221
169,0,Zone_AP_169,35,54,244,260,46.51,250.54,249
170,0,Zone_AP_170,35,47,248,266,39.04,258.02,132
171,0,Zone_AP_171,35,54,261,282,45.05,272.43,399
172,1,Zone_AP_172,35,54,244,264,42.63,250.96,270
173,1,Zone_AP_173,35,54,250,273,47.6,262.83,254
174,1,Zone_AP_174,35,54,266,282,43.4,275.86,256
175,2,Zone_AP_175,35,51,244,263,40.33,250.48,183
176,2,Zone_AP_176,35,54,244,265,47.47,257.36,257
177,2,Zone_AP_177,35,54,266,282,44.5,274.0,340
178,0,Zone_AP_178,35,54,288,312,42.12,297.06,326
179,0,Zone_AP_179,42,54,292,312,49.83,304.38,147
180,0,Zone_AP_180,35,54,310,326,44.47,318.8,307
181,1,Zone_AP_181,35,46,288,304,38.58,294.02,119
182,1,Zone_AP_182,37,54,288,307,47.84,298.0,248
183,1,Zone_AP_183,35,54,305,326,44.2,316.15,413
184,2,Zone_AP_184,35,54,288,306,44.5,297.0,380
185,2,Zone_AP_185,35,54,307,326,44.5,316.5,400
186,0,Zone_AP_186,6,24,5,35,15.0,20.0,589
187,0,Zone_AP_187,6,24,36,71,15.22,52.48,644
188,0,Zone_AP_188,6,24,68,106,14.8,87.92,705
189,1,Zone_AP_189,6,24,5,13,15.0,9.0,171
190,1,Zone_AP_190,6,24,14,25,15.64,18.65,193
191,1,Zone_AP_191,6,24,22,46,14.55,34.4,409
192,1,Zone_AP_192,6,24,45,69,15.5,56.06,412
193,1,Zone_AP_193,6,24,65,86,13.53,74.73,292
194,1,Zone_AP_194,6,24,78,106,15.62,94.21,461
195,2,Zone_AP_195,6,24,5,65,14.94,34.22,1129
196,2,Zone_AP_196,6,24,63,72,15.44,68.18,163
197,2,Zone_AP_197,6,24,73,82,15.0,77.5,190
198,2,Zone_AP_198,6,24,83,106,15.0,94.5,456
199,0,Zone_AP_199,6,24,112,132,15.53,121.05,359
200,0,Zone_AP_200,6,18,127,149,9.97,136.35,156
201,0,Zone_AP_201,6,24,132,150,17.63,143.12,226
202,1,Zone_AP_202,6,18,112,131,11.62,120.88,234
203,1,Zone_AP_203,17,24,132,150,20.5,141.0,152
204,1,Zone_AP_204,6,16,131,150,10.94,140.68,216
205,1,Zone_AP_205,17,24,112,131,20.99,122.07,139
206,2,Zone_AP_206,6,24,112,128,15.69,118.78,272
207,2,Zone_AP_207,6,24,123,135,12.96,129.98,161
208,2,Zone_AP_208,15,24,132,150,19.71,141.8,173
209,2,Zone_AP_209,6,14,136,150,10.0,143.0,135
210,0,Zone_AP_210,11,24,156,171,19.12,162.0,153
211,0,Zone_AP_211,6,18,156,179,10.27,167.47,202
212,0,Zone_AP_212,6,24,171,184,17.82,177.89,160
213,0,Zone_AP_213,6,24,181,194,14.44,188.49,226
214,1,Zone_AP_214,6,24,156,175,13.13,163.83,281
215,1,Zone_AP_215,13,24,161,184,20.3,173.52,161
216,1,Zone_AP_216,6,24,176,194,13.91,186.29,299
217,2,Zone_AP_217,6,24,156,170,15.0,163.0,285
218,2,Zone_AP_218,6,24,171,190,12.27,177.36,209
219,2,Zone_AP_219,6,24,173,194,17.31,186.85,247
220,0,Zone_AP_220,6,21,200,217,11.23,206.49,179
221,0,Zone_AP_221,11,24,200,218,19.57,210.57,159
222,0,Zone_AP_222,6,24,217,234,16.75,223.3,202
223,0,Zone_AP_223,6,24,222,238,12.98,232.49,201
224,1,Zone_AP_224,6,24,200,218,13.98,207.68,300
225,1,Zone_AP_225,12,24,210,233,19.99,220.66,166
226,1,Zone_AP_226,6,24,219,238,13.1,230.34,275
227,2,Zone_AP_227,6,24,200,211,14.38,204.46,186
228,2,Zone_AP_228,6,23,208,219,12.91,213.46,117
229,2,Zone_AP_229,15,24,208,229,20.93,218.69,124
230,2,Zone_AP_230,6,24,219,238,13.81,229.8,314
231,0,Zone_AP_231,6,24,244,259,15.93,250.42,255
232,0,Zone_AP_232,6,18,253,270,10.58,261.63,147
233,0,Zone_AP_233,12,24,260,272,19.37,266.81,127
234,0,Zone_AP_234,6,13,269,282,8.87,275.68,91
235,0,Zone_AP_235,12,24,273,282,18.43,277.65,121
236,1,Zone_AP_236,6,24,244,261,14.18,250.96,277
237,1,Zone_AP_237,6,24,255,271,17.4,263.08,190
238,1,Zone_AP_238,6,24,265,282,14.17,275.12,274
239,2,Zone_AP_239,6,24,244,261,13.69,250.74,260
240,2,Zone_AP_240,10,24,252,270,19.36,261.0,149
241,2,Zone_AP_241,6,24,262,282,14.07,273.5,332
242,0,Zone_AP_242,6,24,288,326,15.0,307.0,741
243,1,Zone_AP_243,6,24,288,305,12.03,293.94,189
244,1,Zone_AP_244,8,24,289,305,18.67,299.67,153
245,1,Zone_AP_245,6,24,306,326,15.0,316.0,399
246,2,Zone_AP_246,6,24,288,311,15.0,299.5,456
247,2,Zone_AP_247,6,24,312,326,15.0,319.0,285
