AP_ID,Floor,Region,Spatial_Info
1,0,Zone_AP_1,"Centroid: (110.77, 78.12), Box: X[100-118] Y[68-95], Area: 365 cells, Contiguous"
2,0,Zone_AP_2,"Centroid: (104.85, 87.21), Box: X[100-114] Y[77-94], Area: 126 cells, Contiguous"
3,0,Zone_AP_3,"Centroid: (108.50, 99.86), Box: X[100-118] Y[92-106], Area: 250 cells, Contiguous"
4,1,Zone_AP_4,"Centroid: (103.88, 73.52), Box: X[100-109] Y[68-80], Area: 112 cells, Contiguous"
5,1,Zone_AP_5,"Centroid: (103.62, 85.98), Box: X[100-108] Y[81-91], Area: 90 cells, Contiguous"
6,1,Zone_AP_6,"Centroid: (104.52, 99.56), Box: X[100-111] Y[92-106], Area: 148 cells, Contiguous"
7,1,Zone_AP_7,"Centroid: (113.18, 76.37), Box: X[107-118] Y[68-84], Area: 179 cells, Contiguous"
8,1,Zone_AP_8,"Centroid: (113.58, 94.76), Box: X[107-118] Y[85-106], Area: 212 cells, Contiguous"
9,2,Zone_AP_9,"Centroid: (104.34, 73.34), Box: X[100-111] Y[68-80], Area: 122 cells, Contiguous"
10,2,Zone_AP_10,"Centroid: (103.39, 86.55), Box: X[100-107] Y[81-92], Area: 93 cells, Contiguous"
11,2,Zone_AP_11,"Centroid: (103.50, 99.50), Box: X[100-107] Y[93-106], Area: 112 cells, Contiguous"
12,2,Zone_AP_12,"Centroid: (113.00, 99.50), Box: X[108-118] Y[93-106], Area: 154 cells, Contiguous"
13,2,Zone_AP_13,"Centroid: (112.93, 88.54), Box: X[107-118] Y[85-92], Area: 89 cells, Contiguous"
14,2,Zone_AP_14,"Centroid: (113.33, 76.75), Box: X[107-118] Y[68-84], Area: 171 cells, Contiguous"
15,0,Zone_AP_15,"Centroid: (105.60, 116.78), Box: X[100-116] Y[112-125], Area: 144 cells, Contiguous"
16,0,Zone_AP_16,"Centroid: (113.41, 123.73), Box: X[105-118] Y[112-133], Area: 194 cells, Contiguous"
17,0,Zone_AP_17,"Centroid: (109.87, 143.10), Box: X[100-118] Y[134-150], Area: 274 cells, Contiguous"
18,0,Zone_AP_18,"Centroid: (104.32, 132.10), Box: X[100-112] Y[125-140], Area: 129 cells, Contiguous"
19,1,Zone_AP_19,"Centroid: (103.76, 118.67), Box: X[100-109] Y[112-126], Area: 127 cells, Contiguous"
20,1,Zone_AP_20,"Centroid: (103.90, 130.46), Box: X[100-109] Y[127-134], Area: 70 cells, Contiguous"
21,1,Zone_AP_21,"Centroid: (103.50, 142.50), Box: X[100-107] Y[135-150], Area: 128 cells, Contiguous"
22,1,Zone_AP_22,"Centroid: (113.08, 140.16), Box: X[108-118] Y[130-150], Area: 227 cells, Contiguous"
23,1,Zone_AP_23,"Centroid: (113.23, 120.69), Box: X[107-118] Y[112-129], Area: 189 cells, Contiguous"
24,2,Zone_AP_24,"Centroid: (104.04, 117.51), Box: X[100-110] Y[112-124], Area: 116 cells, Contiguous"
25,2,Zone_AP_25,"Centroid: (103.92, 129.10), Box: X[100-109] Y[125-133], Area: 79 cells, Contiguous"
26,2,Zone_AP_26,"Centroid: (103.50, 142.00), Box: X[100-107] Y[134-150], Area: 136 cells, Contiguous"
27,2,Zone_AP_27,"Centroid: (113.06, 140.63), Box: X[108-118] Y[131-150], Area: 217 cells, Contiguous"
28,2,Zone_AP_28,"Centroid: (113.36, 121.31), Box: X[107-118] Y[112-130], Area: 193 cells, Contiguous"
29,0,Zone_AP_29,"Centroid: (104.92, 161.93), Box: X[100-114] Y[156-172], Area: 156 cells, Contiguous"
30,0,Zone_AP_30,"Centroid: (115.32, 171.38), Box: X[112-118] Y[156-190], Area: 203 cells, Contiguous"
31,0,Zone_AP_31,"Centroid: (106.99, 185.77), Box: X[100-118] Y[173-194], Area: 291 cells, Contiguous"
32,0,Zone_AP_32,"Centroid: (108.34, 171.04), Box: X[103-111] Y[162-179], Area: 91 cells, Contiguous"
33,1,Zone_AP_33,"Centroid: (104.13, 161.94), Box: X[100-110] Y[156-169], Area: 127 cells, Contiguous"
34,1,Zone_AP_34,"Centroid: (103.50, 173.50), Box: X[100-107] Y[170-177], Area: 64 cells, Contiguous"
35,1,Zone_AP_35,"Centroid: (103.50, 186.00), Box: X[100-107] Y[178-194], Area: 136 cells, Contiguous"
36,1,Zone_AP_36,"Centroid: (113.00, 186.50), Box: X[108-118] Y[179-194], Area: 176 cells, Contiguous"
37,1,Zone_AP_37,"Centroid: (113.00, 175.00), Box: X[108-118] Y[172-178], Area: 77 cells, Contiguous"
38,1,Zone_AP_38,"Centroid: (113.39, 164.03), Box: X[107-118] Y[156-171], Area: 161 cells, Contiguous"
39,2,Zone_AP_39,"Centroid: (103.88, 161.52), Box: X[100-109] Y[156-168], Area: 112 cells, Contiguous"
40,2,Zone_AP_40,"Centroid: (104.00, 173.61), Box: X[100-109] Y[169-178], Area: 89 cells, Contiguous"
41,2,Zone_AP_41,"Centroid: (103.50, 186.50), Box: X[100-107] Y[179-194], Area: 128 cells, Contiguous"
42,2,Zone_AP_42,"Centroid: (113.12, 184.24), Box: X[108-118] Y[174-194], Area: 225 cells, Contiguous"
43,2,Zone_AP_43,"Centroid: (113.25, 164.75), Box: X[107-118] Y[156-173], Area: 187 cells, Contiguous"
44,0,Zone_AP_44,"Centroid: (110.35, 217.15), Box: X[102-118] Y[209-225], Area: 144 cells, Contiguous"
45,0,Zone_AP_45,"Centroid: (107.91, 206.64), Box: X[100-118] Y[200-217], Area: 261 cells, Contiguous"
46,0,Zone_AP_46,"Centroid: (102.16, 227.66), Box: X[100-107] Y[218-238], Area: 96 cells, Contiguous"
47,0,Zone_AP_47,"Centroid: (112.12, 230.09), Box: X[102-118] Y[216-238], Area: 240 cells, Contiguous"
48,1,Zone_AP_48,"Centroid: (104.81, 205.14), Box: X[100-111] Y[200-211], Area: 126 cells, Contiguous"
49,1,Zone_AP_49,"Centroid: (104.63, 216.66), Box: X[100-110] Y[212-221], Area: 102 cells, Contiguous"
50,1,Zone_AP_50,"Centroid: (104.06, 229.64), Box: X[100-109] Y[222-238], Area: 154 cells, Contiguous"
51,1,Zone_AP_51,"Centroid: (113.61, 229.01), Box: X[108-118] Y[219-238], Area: 194 cells, Contiguous"
52,1,Zone_AP_52,"Centroid: (114.10, 209.34), Box: X[109-118] Y[200-218], Area: 165 cells, Contiguous"
53,2,Zone_AP_53,"Centroid: (104.87, 205.61), Box: X[100-111] Y[200-212], Area: 138 cells, Contiguous"
54,2,Zone_AP_54,"Centroid: (104.24, 216.98), Box: X[100-109] Y[213-221], Area: 85 cells, Contiguous"
55,2,Zone_AP_55,"Centroid: (104.50, 230.00), Box: X[100-109] Y[222-238], Area: 170 cells, Contiguous"
56,2,Zone_AP_56,"Centroid: (114.00, 230.00), Box: X[110-118] Y[222-238], Area: 153 cells, Contiguous"
57,2,Zone_AP_57,"Centroid: (113.74, 218.58), Box: X[109-118] Y[216-221], Area: 57 cells, Contiguous"
58,2,Zone_AP_58,"Centroid: (114.11, 208.07), Box: X[109-118] Y[200-215], Area: 138 cells, Contiguous"
59,0,Zone_AP_59,"Centroid: (109.00, 249.00), Box: X[100-118] Y[244-254], Area: 209 cells, Contiguous"
60,0,Zone_AP_60,"Centroid: (109.00, 259.00), Box: X[100-118] Y[255-263], Area: 171 cells, Contiguous"
61,0,Zone_AP_61,"Centroid: (109.00, 268.00), Box: X[100-118] Y[264-272], Area: 171 cells, Contiguous"
62,0,Zone_AP_62,"Centroid: (109.00, 277.50), Box: X[100-118] Y[273-282], Area: 190 cells, Contiguous"
63,1,Zone_AP_63,"Centroid: (103.63, 250.20), Box: X[100-108] Y[244-257], Area: 115 cells, Contiguous"
64,1,Zone_AP_64,"Centroid: (103.50, 262.50), Box: X[100-107] Y[258-267], Area: 80 cells, Contiguous"
65,1,Zone_AP_65,"Centroid: (104.10, 275.49), Box: X[100-110] Y[268-282], Area: 136 cells, Contiguous"
66,1,Zone_AP_66,"Centroid: (113.42, 273.52), Box: X[107-118] Y[266-282], Area: 171 cells, Contiguous"
67,1,Zone_AP_67,"Centroid: (113.00, 261.50), Box: X[108-118] Y[258-265], Area: 88 cells, Contiguous"
68,1,Zone_AP_68,"Centroid: (113.09, 250.73), Box: X[107-118] Y[244-257], Area: 151 cells, Contiguous"
69,2,Zone_AP_69,"Centroid: (104.84, 249.06), Box: X[100-112] Y[244-255], Area: 126 cells, Contiguous"
70,2,Zone_AP_70,"Centroid: (104.16, 261.03), Box: X[100-109] Y[256-266], Area: 102 cells, Contiguous"
71,2,Zone_AP_71,"Centroid: (104.38, 274.65), Box: X[100-109] Y[267-282], Area: 156 cells, Contiguous"
72,2,Zone_AP_72,"Centroid: (113.86, 274.34), Box: X[109-118] Y[267-282], Area: 148 cells, Contiguous"
73,2,Zone_AP_73,"Centroid: (113.74, 262.61), Box: X[109-118] Y[259-266], Area: 76 cells, Contiguous"
74,2,Zone_AP_74,"Centroid: (113.95, 251.66), Box: X[108-118] Y[244-258], Area: 133 cells, Contiguous"
75,0,Zone_AP_75,"Centroid: (109.00, 293.00), Box: X[100-118] Y[288-298], Area: 209 cells, Contiguous"
76,0,Zone_AP_76,"Centroid: (109.00, 303.00), Box: X[100-118] Y[299-307], Area: 171 cells, Contiguous"
77,0,Zone_AP_77,"Centroid: (109.00, 317.00), Box: X[100-118] Y[308-326], Area: 361 cells, Contiguous"
78,1,Zone_AP_78,"Centroid: (103.62, 294.36), Box: X[100-108] Y[288-301], Area: 115 cells, Contiguous"
79,1,Zone_AP_79,"Centroid: (103.50, 305.50), Box: X[100-107] Y[302-309], Area: 64 cells, Contiguous"
80,1,Zone_AP_80,"Centroid: (103.50, 318.00), Box: X[100-107] Y[310-326], Area: 136 cells, Contiguous"
81,1,Zone_AP_81,"Centroid: (113.00, 318.00), Box: X[108-118] Y[310-326], Area: 187 cells, Contiguous"
82,1,Zone_AP_82,"Centroid: (113.00, 305.50), Box: X[108-118] Y[302-309], Area: 88 cells, Contiguous"
83,1,Zone_AP_83,"Centroid: (113.10, 294.61), Box: X[108-118] Y[288-301], Area: 151 cells, Contiguous"
84,2,Zone_AP_84,"Centroid: (103.70, 294.24), Box: X[100-108] Y[288-301], Area: 117 cells, Contiguous"
85,2,Zone_AP_85,"Centroid: (103.50, 306.00), Box: X[100-107] Y[302-310], Area: 72 cells, Contiguous"
86,2,Zone_AP_86,"Centroid: (103.50, 318.50), Box: X[100-107] Y[311-326], Area: 128 cells, Contiguous"
87,2,Zone_AP_87,"Centroid: (113.00, 318.00), Box: X[108-118] Y[310-326], Area: 187 cells, Contiguous"
88,2,Zone_AP_88,"Centroid: (113.00, 305.50), Box: X[108-118] Y[302-309], Area: 88 cells, Contiguous"
89,2,Zone_AP_89,"Centroid: (113.16, 294.70), Box: X[107-118] Y[288-301], Area: 149 cells, Contiguous"
90,0,Zone_AP_90,"Centroid: (79.50, 82.17), Box: X[71-85] Y[74-89], Area: 180 cells, Contiguous"
91,0,Zone_AP_91,"Centroid: (72.30, 70.98), Box: X[67-82] Y[62-79], Area: 186 cells, Contiguous"
92,0,Zone_AP_92,"Centroid: (80.54, 62.32), Box: X[72-85] Y[51-73], Area: 186 cells, Contiguous"
93,0,Zone_AP_93,"Centroid: (73.36, 54.19), Box: X[67-85] Y[50-61], Area: 144 cells, Contiguous"
94,0,Zone_AP_94,"Centroid: (69.66, 84.88), Box: X[67-74] Y[79-89], Area: 64 cells, Contiguous"
95,1,Zone_AP_95,"Centroid: (79.09, 80.70), Box: X[68-85] Y[72-89], Area: 202 cells, Contiguous"
96,1,Zone_AP_96,"Centroid: (79.44, 64.85), Box: X[71-85] Y[60-71], Area: 117 cells, Contiguous"
97,1,Zone_AP_97,"Centroid: (72.51, 71.06), Box: X[67-83] Y[65-77], Area: 134 cells, Contiguous"
98,1,Zone_AP_98,"Centroid: (70.56, 56.46), Box: X[67-75] Y[50-65], Area: 119 cells, Contiguous"
99,1,Zone_AP_99,"Centroid: (80.58, 54.85), Box: X[75-85] Y[50-61], Area: 110 cells, Contiguous"
100,1,Zone_AP_100,"Centroid: (70.67, 85.33), Box: X[67-78] Y[78-89], Area: 78 cells, Contiguous"
101,2,Zone_AP_101,"Centroid: (70.40, 54.48), Box: X[67-77] Y[50-62], Area: 87 cells, Contiguous"
102,2,Zone_AP_102,"Centroid: (79.14, 57.38), Box: X[70-85] Y[50-64], Area: 175 cells, Contiguous"
103,2,Zone_AP_103,"Centroid: (71.52, 68.69), Box: X[67-78] Y[62-75], Area: 129 cells, Contiguous"
104,2,Zone_AP_104,"Centroid: (81.06, 71.05), Box: X[75-85] Y[64-77], Area: 119 cells, Contiguous"
105,2,Zone_AP_105,"Centroid: (71.58, 81.73), Box: X[67-79] Y[76-89], Area: 136 cells, Contiguous"
106,2,Zone_AP_106,"Centroid: (80.51, 84.27), Box: X[73-85] Y[78-89], Area: 114 cells, Contiguous"
107,0,Zone_AP_107,"Centroid: (79.19, 136.96), Box: X[68-85] Y[129-150], Area: 239 cells, Contiguous"
108,0,Zone_AP_108,"Centroid: (71.74, 142.89), Box: X[67-81] Y[129-150], Area: 179 cells, Contiguous"
109,1,Zone_AP_109,"Centroid: (78.50, 137.02), Box: X[67-85] Y[129-150], Area: 267 cells, Contiguous"
110,1,Zone_AP_110,"Centroid: (71.58, 143.89), Box: X[67-81] Y[132-150], Area: 151 cells, Contiguous"
111,2,Zone_AP_111,"Centroid: (76.43, 134.36), Box: X[67-85] Y[129-142], Area: 217 cells, Contiguous"
112,2,Zone_AP_112,"Centroid: (71.26, 144.82), Box: X[67-77] Y[137-150], Area: 118 cells, Contiguous"
113,2,Zone_AP_113,"Centroid: (81.60, 145.37), Box: X[77-85] Y[139-150], Area: 83 cells, Contiguous"
114,0,Zone_AP_114,"Centroid: (77.46, 170.56), Box: X[67-85] Y[159-177], Area: 246 cells, Contiguous"
115,0,Zone_AP_115,"Centroid: (73.91, 160.69), Box: X[67-85] Y[156-170], Area: 172 cells, Contiguous"
116,1,Zone_AP_116,"Centroid: (76.00, 166.50), Box: X[67-85] Y[156-177], Area: 418 cells, Contiguous"
117,2,Zone_AP_117,"Centroid: (77.45, 163.45), Box: X[67-85] Y[156-176], Area: 282 cells, Contiguous"
118,2,Zone_AP_118,"Centroid: (72.99, 172.83), Box: X[67-85] Y[164-177], Area: 136 cells, Contiguous"
119,0,Zone_AP_119,"Centroid: (76.00, 227.50), Box: X[67-85] Y[217-238], Area: 418 cells, Contiguous"
120,1,Zone_AP_120,"Centroid: (71.51, 254.04), Box: X[67-77] Y[244-265], Area: 219 cells, Contiguous"
121,1,Zone_AP_121,"Centroid: (80.94, 255.01), Box: X[76-85] Y[244-265], Area: 199 cells, Contiguous"
122,2,Zone_AP_122,"Centroid: (71.00, 255.11), Box: X[67-76] Y[244-265], Area: 196 cells, Contiguous"
123,2,Zone_AP_123,"Centroid: (80.41, 253.96), Box: X[74-85] Y[244-265], Area: 222 cells, Contiguous"
124,0,Zone_AP_124,"Centroid: (76.00, 316.00), Box: X[67-85] Y[306-326], Area: 399 cells, Contiguous"
125,1,Zone_AP_125,"Centroid: (77.58, 311.12), Box: X[67-85] Y[306-320], Area: 197 cells, Contiguous"
126,1,Zone_AP_126,"Centroid: (74.46, 320.76), Box: X[67-85] Y[311-326], Area: 202 cells, Contiguous"
127,2,Zone_AP_127,"Centroid: (74.67, 309.02), Box: X[67-85] Y[306-314], Area: 126 cells, Contiguous"
128,2,Zone_AP_128,"Centroid: (76.61, 319.22), Box: X[67-85] Y[310-326], Area: 273 cells, Contiguous"
129,0,Zone_AP_129,"Centroid: (44.88, 24.70), Box: X[35-54] Y[18-32], Area: 286 cells, Contiguous"
130,0,Zone_AP_130,"Centroid: (49.33, 41.07), Box: X[42-54] Y[33-52], Area: 193 cells, Contiguous"
131,0,Zone_AP_131,"Centroid: (39.31, 44.58), Box: X[35-47] Y[29-59], Area: 253 cells, Contiguous"
132,0,Zone_AP_132,"Centroid: (46.28, 61.57), Box: X[35-54] Y[52-71], Area: 300 cells, Contiguous"
133,0,Zone_AP_133,"Centroid: (38.94, 76.14), Box: X[35-46] Y[65-89], Area: 186 cells, Contiguous"
134,0,Zone_AP_134,"Centroid: (48.81, 78.55), Box: X[41-54] Y[71-85], Area: 141 cells, Contiguous"
135,0,Zone_AP_135,"Centroid: (44.89, 95.91), Box: X[35-54] Y[84-106], Area: 421 cells, Contiguous"
136,1,Zone_AP_136,"Centroid: (44.20, 29.63), Box: X[35-54] Y[18-43], Area: 484 cells, Contiguous"
137,1,Zone_AP_137,"Centroid: (45.30, 53.22), Box: X[35-54] Y[40-67], Area: 459 cells, Contiguous"
138,1,Zone_AP_138,"Centroid: (40.68, 70.94), Box: X[35-52] Y[62-83], Area: 210 cells, Contiguous"
139,1,Zone_AP_139,"Centroid: (45.43, 90.42), Box: X[35-54] Y[68-106], Area: 627 cells, Contiguous"
140,2,Zone_AP_140,"Centroid: (41.88, 42.74), Box: X[35-54] Y[18-78], Area: 823 cells, Contiguous"
141,2,Zone_AP_141,"Centroid: (50.81, 54.88), Box: X[44-54] Y[20-75], Area: 322 cells, Contiguous"
142,2,Zone_AP_142,"Centroid: (46.61, 77.97), Box: X[37-54] Y[73-82], Area: 132 cells, Contiguous"
143,2,Zone_AP_143,"Centroid: (38.87, 93.19), Box: X[35-43] Y[79-106], Area: 239 cells, Contiguous"
144,2,Zone_AP_144,"Centroid: (49.00, 94.50), Box: X[44-54] Y[83-106], Area: 264 cells, Contiguous"
145,0,Zone_AP_145,"Centroid: (48.00, 131.00), Box: X[42-54] Y[112-150], Area: 507 cells, Contiguous"
146,0,Zone_AP_146,"Centroid: (38.00, 131.00), Box: X[35-41] Y[112-150], Area: 273 cells, Contiguous"
147,1,Zone_AP_147,"Centroid: (43.24, 128.59), Box: X[35-54] Y[112-150], Area: 648 cells, Contiguous"
148,1,Zone_AP_148,"Centroid: (50.67, 142.83), Box: X[44-54] Y[129-150], Area: 132 cells, Contiguous"
149,2,Zone_AP_149,"Centroid: (48.38, 118.16), Box: X[37-54] Y[112-129], Area: 183 cells, Contiguous"
150,2,Zone_AP_150,"Centroid: (40.38, 124.14), Box: X[35-51] Y[112-133], Area: 209 cells, Contiguous"
151,2,Zone_AP_151,"Centroid: (45.30, 135.27), Box: X[35-54] Y[130-141], Area: 168 cells, Contiguous"
152,2,Zone_AP_152,"Centroid: (40.22, 145.09), Box: X[35-46] Y[139-150], Area: 129 cells, Contiguous"
153,2,Zone_AP_153,"Centroid: (50.76, 144.74), Box: X[47-54] Y[138-150], Area: 91 cells, Contiguous"
154,0,Zone_AP_154,"Centroid: (49.15, 172.75), Box: X[41-54] Y[156-194], Area: 401 cells, Contiguous"
155,0,Zone_AP_155,"Centroid: (39.58, 177.38), Box: X[35-47] Y[156-194], Area: 379 cells, Contiguous"
156,1,Zone_AP_156,"Centroid: (50.04, 167.34), Box: X[46-54] Y[156-179], Area: 213 cells, Contiguous"
157,1,Zone_AP_157,"Centroid: (39.89, 167.83), Box: X[35-45] Y[156-181], Area: 271 cells, Contiguous"
158,1,Zone_AP_158,"Centroid: (44.73, 187.07), Box: X[35-54] Y[179-194], Area: 296 cells, Contiguous"
159,2,Zone_AP_159,"Centroid: (44.83, 164.93), Box: X[35-54] Y[156-176], Area: 376 cells, Contiguous"
160,2,Zone_AP_160,"Centroid: (44.19, 184.37), Box: X[35-54] Y[173-194], Area: 404 cells, Contiguous"
161,0,Zone_AP_161,"Centroid: (44.55, 206.56), Box: X[35-54] Y[200-214], Area: 282 cells, Contiguous"
162,0,Zone_AP_162,"Centroid: (38.94, 225.99), Box: X[35-43] Y[213-238], Area: 225 cells, Contiguous"
163,0,Zone_AP_163,"Centroid: (49.03, 226.09), Box: X[44-54] Y[214-238], Area: 273 cells, Contiguous"
164,1,Zone_AP_164,"Centroid: (45.90, 214.16), Box: X[35-54] Y[200-238], Area: 554 cells, Contiguous"
165,1,Zone_AP_165,"Centroid: (41.08, 230.86), Box: X[35-53] Y[217-238], Area: 226 cells, Contiguous"
166,2,Zone_AP_166,"Centroid: (44.44, 208.66), Box: X[35-54] Y[200-218], Area: 366 cells, Contiguous"
167,2,Zone_AP_167,"Centroid: (39.48, 226.62), Box: X[35-48] Y[218-238], Area: 193 cells, Contiguous"
168,2,Zone_AP_168,"Centroid: (48.98, 229.46), Box: X[40-54] Y[217-238], Area: 221 cells, Contiguous"
169,0,Zone_AP_169,"Centroid: (46.51, 250.54), Box: X[35-54] Y[244-260], Area: 249 cells, Contiguous"
170,0,Zone_AP_170,"Centroid: (39.04, 258.02), Box: X[35-47] Y[248-266], Area: 132 cells, Contiguous"
171,0,Zone_AP_171,"Centroid: (45.05, 272.43), Box: X[35-54] Y[261-282], Area: 399 cells, Contiguous"
172,1,Zone_AP_172,"Centroid: (42.63, 250.96), Box: X[35-54] Y[244-264], Area: 270 cells, Contiguous"
173,1,Zone_AP_173,"Centroid: (47.60, 262.83), Box: X[35-54] Y[250-273], Area: 254 cells, Contiguous"
174,1,Zone_AP_174,"Centroid: (43.40, 275.86), Box: X[35-54] Y[266-282], Area: 256 cells, Contiguous"
175,2,Zone_AP_175,"Centroid: (40.33, 250.48), Box: X[35-51] Y[244-263], Area: 183 cells, Contiguous"
176,2,Zone_AP_176,"Centroid: (47.47, 257.36), Box: X[35-54] Y[244-265], Area: 257 cells, Contiguous"
177,2,Zone_AP_177,"Centroid: (44.50, 274.00), Box: X[35-54] Y[266-282], Area: 340 cells, Contiguous"
178,0,Zone_AP_178,"Centroid: (42.12, 297.06), Box: X[35-54] Y[288-312], Area: 326 cells, Contiguous"
179,0,Zone_AP_179,"Centroid: (49.83, 304.38), Box: X[42-54] Y[292-312], Area: 147 cells, Contiguous"
180,0,Zone_AP_180,"Centroid: (44.47, 318.80), Box: X[35-54] Y[310-326], Area: 307 cells, Contiguous"
181,1,Zone_AP_181,"Centroid: (38.58, 294.02), Box: X[35-46] Y[288-304], Area: 119 cells, Contiguous"
182,1,Zone_AP_182,"Centroid: (47.84, 298.00), Box: X[37-54] Y[288-307], Area: 248 cells, Contiguous"
183,1,Zone_AP_183,"Centroid: (44.20, 316.15), Box: X[35-54] Y[305-326], Area: 413 cells, Contiguous"
184,2,Zone_AP_184,"Centroid: (44.50, 297.00), Box: X[35-54] Y[288-306], Area: 380 cells, Contiguous"
185,2,Zone_AP_185,"Centroid: (44.50, 316.50), Box: X[35-54] Y[307-326], Area: 400 cells, Contiguous"
186,0,Zone_AP_186,"Centroid: (15.00, 20.00), Box: X[6-24] Y[5-35], Area: 589 cells, Contiguous"
187,0,Zone_AP_187,"Centroid: (15.22, 52.48), Box: X[6-24] Y[36-71], Area: 644 cells, Contiguous"
188,0,Zone_AP_188,"Centroid: (14.80, 87.92), Box: X[6-24] Y[68-106], Area: 705 cells, Contiguous"
189,1,Zone_AP_189,"Centroid: (15.00, 9.00), Box: X[6-24] Y[5-13], Area: 171 cells, Contiguous"
190,1,Zone_AP_190,"Centroid: (15.64, 18.65), Box: X[6-24] Y[14-25], Area: 193 cells, Contiguous"
191,1,Zone_AP_191,"Centroid: (14.55, 34.40), Box: X[6-24] Y[22-46], Area: 409 cells, Contiguous"
192,1,Zone_AP_192,"Centroid: (15.50, 56.06), Box: X[6-24] Y[45-69], Area: 412 cells, Contiguous"
193,1,Zone_AP_193,"Centroid: (13.53, 74.73), Box: X[6-24] Y[65-86], Area: 292 cells, Contiguous"
194,1,Zone_AP_194,"Centroid: (15.62, 94.21), Box: X[6-24] Y[78-106], Area: 461 cells, Contiguous"
195,2,Zone_AP_195,"Centroid: (14.94, 34.22), Box: X[6-24] Y[5-65], Area: 1129 cells, Contiguous"
196,2,Zone_AP_196,"Centroid: (15.44, 68.18), Box: X[6-24] Y[63-72], Area: 163 cells, Contiguous"
197,2,Zone_AP_197,"Centroid: (15.00, 77.50), Box: X[6-24] Y[73-82], Area: 190 cells, Contiguous"
198,2,Zone_AP_198,"Centroid: (15.00, 94.50), Box: X[6-24] Y[83-106], Area: 456 cells, Contiguous"
199,0,Zone_AP_199,"Centroid: (15.53, 121.05), Box: X[6-24] Y[112-132], Area: 359 cells, Contiguous"
200,0,Zone_AP_200,"Centroid: (9.97, 136.35), Box: X[6-18] Y[127-149], Area: 156 cells, Contiguous"
201,0,Zone_AP_201,"Centroid: (17.63, 143.12), Box: X[6-24] Y[132-150], Area: 226 cells, Contiguous"
202,1,Zone_AP_202,"Centroid: (11.62, 120.88), Box: X[6-18] Y[112-131], Area: 234 cells, Contiguous"
203,1,Zone_AP_203,"Centroid: (20.50, 141.00), Box: X[17-24] Y[132-150], Area: 152 cells, Contiguous"
204,1,Zone_AP_204,"Centroid: (10.94, 140.68), Box: X[6-16] Y[131-150], Area: 216 cells, Contiguous"
205,1,Zone_AP_205,"Centroid: (20.99, 122.07), Box: X[17-24] Y[112-131], Area: 139 cells, Contiguous"
206,2,Zone_AP_206,"Centroid: (15.69, 118.78), Box: X[6-24] Y[112-128], Area: 272 cells, Contiguous"
207,2,Zone_AP_207,"Centroid: (12.96, 129.98), Box: X[6-24] Y[123-135], Area: 161 cells, Contiguous"
208,2,Zone_AP_208,"Centroid: (19.71, 141.80), Box: X[15-24] Y[132-150], Area: 173 cells, Contiguous"
209,2,Zone_AP_209,"Centroid: (10.00, 143.00), Box: X[6-14] Y[136-150], Area: 135 cells, Contiguous"
210,0,Zone_AP_210,"Centroid: (19.12, 162.00), Box: X[11-24] Y[156-171], Area: 153 cells, Contiguous"
211,0,Zone_AP_211,"Centroid: (10.27, 167.47), Box: X[6-18] Y[156-179], Area: 202 cells, Contiguous"
212,0,Zone_AP_212,"Centroid: (17.82, 177.89), Box: X[6-24] Y[171-184], Area: 160 cells, Contiguous"
213,0,Zone_AP_213,"Centroid: (14.44, 188.49), Box: X[6-24] Y[181-194], Area: 226 cells, Contiguous"
214,1,Zone_AP_214,"Centroid: (13.13, 163.83), Box: X[6-24] Y[156-175], Area: 281 cells, Contiguous"
215,1,Zone_AP_215,"Centroid: (20.30, 173.52), Box: X[13-24] Y[161-184], Area: 161 cells, Contiguous"
216,1,Zone_AP_216,"Centroid: (13.91, 186.29), Box: X[6-24] Y[176-194], Area: 299 cells, Contiguous"
217,2,Zone_AP_217,"Centroid: (15.00, 163.00), Box: X[6-24] Y[156-170], Area: 285 cells, Contiguous"
218,2,Zone_AP_218,"Centroid: (12.27, 177.36), Box: X[6-24] Y[171-190], Area: 209 cells, Contiguous"
219,2,Zone_AP_219,"Centroid: (17.31, 186.85), Box: X[6-24] Y[173-194], Area: 247 cells, Contiguous"
220,0,Zone_AP_220,"Centroid: (11.23, 206.49), Box: X[6-21] Y[200-217], Area: 179 cells, Contiguous"
221,0,Zone_AP_221,"Centroid: (19.57, 210.57), Box: X[11-24] Y[200-218], Area: 159 cells, Contiguous"
222,0,Zone_AP_222,"Centroid: (16.75, 223.30), Box: X[6-24] Y[217-234], Area: 202 cells, Contiguous"
223,0,Zone_AP_223,"Centroid: (12.98, 232.49), Box: X[6-24] Y[222-238], Area: 201 cells, Contiguous"
224,1,Zone_AP_224,"Centroid: (13.98, 207.68), Box: X[6-24] Y[200-218], Area: 300 cells, Contiguous"
225,1,Zone_AP_225,"Centroid: (19.99, 220.66), Box: X[12-24] Y[210-233], Area: 166 cells, Contiguous"
226,1,Zone_AP_226,"Centroid: (13.10, 230.34), Box: X[6-24] Y[219-238], Area: 275 cells, Contiguous"
227,2,Zone_AP_227,"Centroid: (14.38, 204.46), Box: X[6-24] Y[200-211], Area: 186 cells, Contiguous"
228,2,Zone_AP_228,"Centroid: (12.91, 213.46), Box: X[6-23] Y[208-219], Area: 117 cells, Contiguous"
229,2,Zone_AP_229,"Centroid: (20.93, 218.69), Box: X[15-24] Y[208-229], Area: 124 cells, Contiguous"
230,2,Zone_AP_230,"Centroid: (13.81, 229.80), Box: X[6-24] Y[219-238], Area: 314 cells, Contiguous"
231,0,Zone_AP_231,"Centroid: (15.93, 250.42), Box: X[6-24] Y[244-259], Area: 255 cells, Contiguous"
232,0,Zone_AP_232,"Centroid: (10.58, 261.63), Box: X[6-18] Y[253-270], Area: 147 cells, Contiguous"
233,0,Zone_AP_233,"Centroid: (19.37, 266.81), Box: X[12-24] Y[260-272], Area: 127 cells, Contiguous"
234,0,Zone_AP_234,"Centroid: (8.87, 275.68), Box: X[6-13] Y[269-282], Area: 91 cells, Contiguous"
235,0,Zone_AP_235,"Centroid: (18.43, 277.65), Box: X[12-24] Y[273-282], Area: 121 cells, Contiguous"
236,1,Zone_AP_236,"Centroid: (14.18, 250.96), Box: X[6-24] Y[244-261], Area: 277 cells, Contiguous"
237,1,Zone_AP_237,"Centroid: (17.40, 263.08), Box: X[6-24] Y[255-271], Area: 190 cells, Contiguous"
238,1,Zone_AP_238,"Centroid: (14.17, 275.12), Box: X[6-24] Y[265-282], Area: 274 cells, Contiguous"
239,2,Zone_AP_239,"Centroid: (13.69, 250.74), Box: X[6-24] Y[244-261], Area: 260 cells, Contiguous"
240,2,Zone_AP_240,"Centroid: (19.36, 261.00), Box: X[10-24] Y[252-270], Area: 149 cells, Contiguous"
241,2,Zone_AP_241,"Centroid: (14.07, 273.50), Box: X[6-24] Y[262-282], Area: 332 cells, Contiguous"
242,0,Zone_AP_242,"Centroid: (15.00, 307.00), Box: X[6-24] Y[288-326], Area: 741 cells, Contiguous"
243,1,Zone_AP_243,"Centroid: (12.03, 293.94), Box: X[6-24] Y[288-305], Area: 189 cells, Contiguous"
244,1,Zone_AP_244,"Centroid: (18.67, 299.67), Box: X[8-24] Y[289-305], Area: 153 cells, Contiguous"
245,1,Zone_AP_245,"Centroid: (15.00, 316.00), Box: X[6-24] Y[306-326], Area: 399 cells, Contiguous"
246,2,Zone_AP_246,"Centroid: (15.00, 299.50), Box: X[6-24] Y[288-311], Area: 456 cells, Contiguous"
247,2,Zone_AP_247,"Centroid: (15.00, 319.00), Box: X[6-24] Y[312-326], Area: 285 cells, Contiguous"
